{
    "root_group": {
        "path": "",
        "id": "d41d8cd98f00b204e9800998ecf8427e",
        "groups": {},
        "checks": {
                "200": {
                    "fails": 0,
                    "name": "200",
                    "path": "::200",
                    "id": "4230b0c1b1cb609da348fcf04ffd96f4",
                    "passes": 34251
                }
            },
        "name": ""
    },
    "metrics": {
        "http_reqs": {
            "count": 34251,
            "rate": 760.4844015832758
        },
        "http_req_failed": {
            "passes": 0,
            "fails": 34251,
            "value": 0
        },
        "vus_max": {
            "value": 60,
            "min": 60,
            "max": 60
        },
        "http_req_duration{expected_response:true}": {
            "p(95)": 217.7155395,
            "avg": 78.15700002470041,
            "min": 1.996425,
            "med": 55.800171,
            "max": 1379.475874,
            "p(90)": 162.372444
        },
        "http_req_blocked": {
            "med": 0.007101,
            "max": 65.469101,
            "p(90)": 0.011699,
            "p(95)": 0.0166525,
            "avg": 0.05780621797903877,
            "min": 0.002
        },
        "http_req_sending": {
            "p(95)": 0.106853,
            "avg": 0.1028740766692945,
            "min": 0.006301,
            "med": 0.019601,
            "max": 129.768193,
            "p(90)": 0.061505
        },
        "http_req_tls_handshaking": {
            "med": 0,
            "max": 0,
            "p(90)": 0,
            "p(95)": 0,
            "avg": 0,
            "min": 0
        },
        "http_req_receiving": {
            "p(95)": 0.9674745,
            "avg": 0.49760336252955656,
            "min": 0.023602,
            "med": 0.094534,
            "max": 199.932304,
            "p(90)": 0.386689
        },
        "checks": {
            "passes": 34251,
            "fails": 0,
            "value": 1
        },
        "http_req_connecting": {
            "med": 0,
            "max": 38.233018,
            "p(90)": 0,
            "p(95)": 0,
            "avg": 0.007239665819976059,
            "min": 0
        },
        "iterations": {
            "count": 34251,
            "rate": 760.4844015832758
        },
        "http_req_duration": {
            "avg": 78.15700002470041,
            "min": 1.996425,
            "med": 55.800171,
            "max": 1379.475874,
            "p(90)": 162.372444,
            "p(95)": 217.7155395
        },
        "vus": {
            "max": 60,
            "value": 60,
            "min": 60
        },
        "data_sent": {
            "count": 2842833,
            "rate": 63120.2053314119
        },
        "data_received": {
            "rate": 1920223.1139977714,
            "count": 86483775
        },
        "http_req_waiting": {
            "min": 1.878383,
            "med": 55.137927,
            "max": 1374.555064,
            "p(90)": 161.631488,
            "p(95)": 217.0099785,
            "avg": 77.55652258550147
        },
        "iteration_duration": {
            "min": 2.199899,
            "med": 56.50484,
            "max": 1411.328374,
            "p(90)": 162.927063,
            "p(95)": 218.23627349999998,
            "avg": 78.78548549689074
        }
    }
}