{
    "root_group": {
        "name": "",
        "path": "",
        "id": "d41d8cd98f00b204e9800998ecf8427e",
        "groups": {},
        "checks": {
                "200": {
                    "name": "200",
                    "path": "::200",
                    "id": "4230b0c1b1cb609da348fcf04ffd96f4",
                    "passes": 14033,
                    "fails": 0
                }
            }
    },
    "metrics": {
        "http_req_connecting": {
            "p(90)": 0,
            "p(95)": 0,
            "avg": 0.04912663635715813,
            "min": 0,
            "med": 0,
            "max": 33.893018
        },
        "checks": {
            "passes": 14033,
            "fails": 0,
            "value": 1
        },
        "vus": {
            "value": 60,
            "min": 60,
            "max": 60
        },
        "http_req_duration": {
            "avg": 191.2835647966228,
            "min": 48.119946,
            "med": 167.26083,
            "max": 1661.179322,
            "p(90)": 284.33418880000016,
            "p(95)": 346.7283395999999
        },
        "http_req_sending": {
            "avg": 0.06534847744602003,
            "min": -65.735398,
            "med": 0.023608,
            "max": 42.901504,
            "p(90)": 0.07631840000000008,
            "p(95)": 0.10291219999999998
        },
        "iterations": {
            "count": 14033,
            "rate": 311.328234785856
        },
        "vus_max": {
            "value": 60,
            "min": 60,
            "max": 60
        },
        "http_req_tls_handshaking": {
            "max": 0,
            "p(90)": 0,
            "p(95)": 0,
            "avg": 0,
            "min": 0,
            "med": 0
        },
        "data_sent": {
            "rate": 25840.24348722605,
            "count": 1164739
        },
        "http_reqs": {
            "count": 14033,
            "rate": 311.328234785856
        },
        "http_req_receiving": {
            "avg": 0.3164995069479074,
            "min": 0.029216,
            "med": 0.165486,
            "max": 66.44986,
            "p(90)": 0.3743940000000001,
            "p(95)": 0.7017759999999992
        },
        "data_received": {
            "count": 35433325,
            "rate": 786103.7928342865
        },
        "iteration_duration": {
            "med": 167.832366,
            "max": 1767.111993,
            "p(90)": 285.3562156000001,
            "p(95)": 347.8243578,
            "avg": 192.49977301225695,
            "min": 67.25164
        },
        "http_req_blocked": {
            "avg": 0.33170378208507884,
            "min": 0.002801,
            "med": 0.008303,
            "max": 94.491476,
            "p(90)": 0.012411,
            "p(95)": 0.018212
        },
        "http_req_duration{expected_response:true}": {
            "max": 1661.179322,
            "p(90)": 284.33418880000016,
            "p(95)": 346.7283395999999,
            "avg": 191.2835647966228,
            "min": 48.119946,
            "med": 167.26083
        },
        "http_req_waiting": {
            "med": 166.889687,
            "max": 1660.718496,
            "p(90)": 283.7321418,
            "p(95)": 345.9731756,
            "avg": 190.9017168122284,
            "min": 47.88877
        },
        "http_req_failed": {
            "passes": 0,
            "fails": 14033,
            "value": 0
        }
    }
}