{
    "metrics": {
        "iterations": {
            "count": 11988,
            "rate": 56.58779505368829
        },
        "http_req_duration": {
            "avg": 44.31976001979709,
            "min": 1.508469,
            "med": 9.540687,
            "max": 4130.977361,
            "p(90)": 83.14899220000001,
            "p(95)": 185.47780659999984,
            "thresholds": {
                "p(95)<500": false
            }
        },
        "http_reqs": {
            "count": 35965,
            "rate": 169.76810553102263
        },
        "http_req_blocked": {
            "avg": 0.02623079171416638,
            "min": 0.0026,
            "med": 0.0084,
            "max": 110.294741,
            "p(90)": 0.012802,
            "p(95)": 0.016980999999999587
        },
        "iteration_duration": {
            "avg": 1130.7116094212515,
            "min": 14.469708,
            "med": 1101.831664,
            "max": 7619.943569,
            "p(90)": 1923.7823389000005,
            "p(95)": 2035.9700857
        },
        "http_req_failed": {
            "passes": 0,
            "fails": 35965,
            "thresholds": {
                "rate<0.01": false
            },
            "value": 0
        },
        "http_req_waiting": {
            "avg": 43.95708367626872,
            "min": 1.250347,
            "med": 9.239286,
            "max": 4130.88075,
            "p(90)": 82.62485360000002,
            "p(95)": 184.6927974
        },
        "http_req_receiving": {
            "avg": 0.2959061359655208,
            "min": 0.026403,
            "med": 0.150815,
            "max": 94.434183,
            "p(90)": 0.33106660000000043,
            "p(95)": 0.5973949999999987
        },
        "data_sent": {
            "count": 6081017,
            "rate": 28704.64995945899
        },
        "checks": {
            "passes": 23977,
            "fails": 0,
            "value": 1
        },
        "vus_max": {
            "value": 100,
            "min": 100,
            "max": 100
        },
        "http_req_sending": {
            "max": 61.650385,
            "p(90)": 0.0752076,
            "p(95)": 0.10340999999999997,
            "avg": 0.06677020756290852,
            "min": 0.007,
            "med": 0.024902
        },
        "data_received": {
            "count": 57400190,
            "rate": 270950.13244601
        },
        "vus": {
            "value": 1,
            "min": 0,
            "max": 100
        },
        "http_req_duration{expected_response:true}": {
            "min": 1.508469,
            "med": 9.540687,
            "max": 4130.977361,
            "p(90)": 83.14899220000001,
            "p(95)": 185.47780659999984,
            "avg": 44.31976001979709
        },
        "http_req_connecting": {
            "p(90)": 0,
            "p(95)": 0,
            "avg": 0.007874275601279027,
            "min": 0,
            "med": 0,
            "max": 110.135241
        },
        "http_req_tls_handshaking": {
            "med": 0,
            "max": 0,
            "p(90)": 0,
            "p(95)": 0,
            "avg": 0,
            "min": 0
        }
    },
    "setup_data": {
        "token": "eyJhbGciOiJIUzI1NiIsInR5cCI6IkpXVCJ9.eyJzdWIiOiIyIiwiZW1haWwiOiJwcmVtaXVtQHNwb3R5LmRldiIsInJvbGUiOiJwcmVtaXVtIiwiaWF0IjoxNzgyMjA4NjM5LCJleHAiOjE3ODIyMTIyMzl9.INhVZ6VQQOJSTJvjdbfZWj5UJlII2HsZBezM93MlpZk"
    },
    "root_group": {
        "name": "",
        "path": "",
        "id": "d41d8cd98f00b204e9800998ecf8427e",
        "groups": {
            "setup": {
                "checks": {
                    "login 200": {
                        "name": "login 200",
                        "path": "::setup::login 200",
                        "id": "647055af8ffe21e58084ae4b140cdda0",
                        "passes": 1,
                        "fails": 0
                    }
                },
                "name": "setup",
                "path": "::setup",
                "id": "5c0f8025f7e0b6654089e5b00e950f1a",
                "groups": {}
            }
        },
        "checks": {
            "catalog 200": {
                "passes": 11988,
                "fails": 0,
                "name": "catalog 200",
                "path": "::catalog 200",
                "id": "eebf69297bd2d45f982329d2c19ee960"
            },
            "play handled": {
                "fails": 0,
                "name": "play handled",
                "path": "::play handled",
                "id": "90390eddb747c20e982be378a639927c",
                "passes": 11988
            }
        }
    }
}