{
    "root_group": {
        "name": "",
        "path": "",
        "id": "d41d8cd98f00b204e9800998ecf8427e",
        "groups": {
            "setup": {
                "name": "setup",
                "path": "::setup",
                "id": "5c0f8025f7e0b6654089e5b00e950f1a",
                "groups": {},
                "checks": {
                        "login 200": {
                            "path": "::setup::login 200",
                            "id": "647055af8ffe21e58084ae4b140cdda0",
                            "passes": 1,
                            "fails": 0,
                            "name": "login 200"
                        }
                    }
            }
        },
        "checks": {
            "catalog 200": {
                "name": "catalog 200",
                "path": "::catalog 200",
                "id": "eebf69297bd2d45f982329d2c19ee960",
                "passes": 12798,
                "fails": 0
            },
            "play handled": {
                "passes": 12798,
                "fails": 0,
                "name": "play handled",
                "path": "::play handled",
                "id": "90390eddb747c20e982be378a639927c"
            }
        }
    },
    "metrics": {
        "vus": {
            "value": 2,
            "min": 2,
            "max": 1000
        },
        "http_req_duration{expected_response:true}": {
            "min": 2.90478,
            "med": 1094.356696,
            "max": 58831.866147,
            "p(90)": 6885.349386600002,
            "p(95)": 9072.558929800003,
            "avg": 2642.2234212003555
        },
        "http_req_sending": {
            "avg": 1.001690889803367,
            "min": 0.006502,
            "med": 0.027207,
            "max": 459.498835,
            "p(90)": 0.121431,
            "p(95)": 0.37745999999999913
        },
        "data_received": {
            "count": 61912075,
            "rate": 423970.70359336387
        },
        "http_req_tls_handshaking": {
            "avg": 0,
            "min": 0,
            "med": 0,
            "max": 0,
            "p(90)": 0,
            "p(95)": 0
        },
        "http_req_blocked": {
            "max": 1120.439253,
            "p(90)": 0.018605,
            "p(95)": 0.06878009999999914,
            "avg": 0.6563737596041158,
            "min": 0.002001,
            "med": 0.009003
        },
        "http_req_connecting": {
            "min": 0,
            "med": 0,
            "max": 1120.302017,
            "p(90)": 0,
            "p(95)": 0,
            "avg": 0.3612208355775491
        },
        "checks": {
            "passes": 25597,
            "fails": 0,
            "value": 1
        },
        "http_req_duration": {
            "min": 2.90478,
            "med": 1100.617111,
            "max": 60094.823566,
            "p(90)": 6972.848420799998,
            "p(95)": 9274.795417099993,
            "avg": 2749.8078226538423,
            "thresholds": {
                "p(95)<800": true,
                "p(99)<1500": true
            }
        },
        "data_sent": {
            "count": 6491969,
            "rate": 44456.66963409491
        },
        "http_req_waiting": {
            "avg": 2746.0761709523536,
            "min": 2.736735,
            "med": 1093.446057,
            "max": 60094.80196,
            "p(90)": 6970.407289199999,
            "p(95)": 9272.878622599996
        },
        "http_req_failed": {
            "passes": 72,
            "fails": 38323,
            "value": 0.0018752441724182837
        },
        "vus_max": {
            "value": 1000,
            "min": 200,
            "max": 1000
        },
        "dropped_iterations": {
            "count": 11202,
            "rate": 76.7107195430433
        },
        "http_req_receiving": {
            "med": 0.109833,
            "max": 905.055842,
            "p(90)": 0.7463743999999999,
            "p(95)": 2.6154386999999932,
            "avg": 2.7299608116942093,
            "min": 0
        },
        "iterations": {
            "count": 12798,
            "rate": 87.64004541259311
        },
        "http_reqs": {
            "count": 38395,
            "rate": 262.92698418631915
        },
        "iteration_duration": {
            "p(95)": 15549.690761799997,
            "avg": 8271.67724718447,
            "min": 1196.871402,
            "med": 6855.515198,
            "max": 63064.098821,
            "p(90)": 12560.6776921
        }
    },
    "setup_data": {
        "token": "eyJhbGciOiJIUzI1NiIsInR5cCI6IkpXVCJ9.eyJzdWIiOiIyIiwiZW1haWwiOiJwcmVtaXVtQHNwb3R5LmRldiIsInJvbGUiOiJwcmVtaXVtIiwiaWF0IjoxNzgyMjA5NjY3LCJleHAiOjE3ODIyMTMyNjd9.naQ8p76s-Zq-t3nrT8Pal8w-Dk3d9XN_DnX2zP2z4wU"
    }
}